time,flex sensor,"actuator position, command","actuator position, measured",force,Trial Number,Target Angle
153.727,150.703125,3.3333333333333335,3.333333333333332,-0.34774951076320937,0,100
153.934,150.640625,3.3333333333333335,3.333333333333332,-0.34774951076320937,0,100
154.14,150.421875,3.3333333333333335,3.333333333333332,-0.6119373776908024,0,100
154.347,150.640625,3.3333333333333335,3.333333333333332,-0.6119373776908024,0,100
