time,flex sensor,"actuator position, command","actuator position, measured",force
1400.477,0.0,4.0,3.8510638297872326,0.35
1400.931,0.0,4.0,3.8510638297872326,0.35
1401.384,0.0,4.0,3.872340425531913,0.35
1401.838,0.0,4.0,3.787234042553191,0.35
1402.29,0.0,4.0,3.8510638297872326,0.35
1402.743,0.0,4.0,3.7234042553191493,0.35
1403.195,0.0,4.0,3.787234042553191,0.26
